Product Name,Price,Rating
Lenovo IdeaPad 3 Core i3 11th Gen - (8 GB/512 GB SSD/Windows 11 Home) 82H801L7IN | 82H802FJIN | 82H802...,"38,799",4.2
Lenovo IdeaPad 3 Core i3 11th Gen - (8 GB/256 GB SSD/Windows 11 Home) 14ITL05 Thin and Light Laptop,"37,228",4.3
RedmiBook Pro Core i3 11th Gen - (8 GB/256 GB SSD/Windows 11 Home) Thin and Light Laptop,"29,999",4.2
ASUS VivoBook 15 (2022) Core i3 10th Gen - (8 GB/512 GB SSD/Windows 11 Home) X515JA-EJ362WS | X515JA-E...,"32,990",4.3
acer Aspire 7 Ryzen 5 Hexa Core AMD R5-5500U - (8 GB/512 GB SSD/Windows 11 Home/4 GB Graphics/NVIDIA G...,"45,990",4.5
ASUS TUF Gaming A17 with 90Whr Battery Ryzen 5 Hexa Core AMD R5-4600H - (8 GB/512 GB SSD/Windows 11 Ho...,"63,990",4.4
HP Athlon Dual Core 3050U - (4 GB/256 GB SSD/DOS) 255 G8 Notebook,"22,490",4.3
Lenovo ThinkPad E15 Core i5 11th Gen - (8 GB/512 GB SSD/Windows 10 Home) E15 Thin and Light Laptop,"67,990",4.7
MSI Bravo 15 Ryzen 5 Hexa Core AMD R5-5600H - (8 GB/512 GB SSD/Windows 11 Home/4 GB Graphics/AMD Radeo...,"49,990",4.4
HP Pavilion Ryzen 5 Hexa Core AMD R5-5600H - (8 GB/512 GB SSD/Windows 11 Home/4 GB Graphics/NVIDIA GeF...,"62,990",4.5
Lenovo IdeaPad Gaming 3 Core i5 11th Gen - (8 GB/512 GB SSD/Windows 11 Home/4 GB Graphics/NVIDIA GeFor...,"67,490",4.4
HP Core i3 11th Gen - (8 GB/512 GB SSD/Windows 11 Home) 14s - dy2508TU Thin and Light Laptop,"42,990",4.3
DELL Inspiron Athlon Dual Core 3050U - (8 GB/256 GB SSD/Windows 11 Home) Inspiron 3525 Notebook,"31,021",4.2
Lenovo IdeaPad 3 Celeron Dual Core - (8 GB/256 GB SSD/Windows 11 Home) 81WQ00MQIN|81WQ00NXIN Laptop,"28,129",4.1
MSI GF63 Thin Core i5 11th Gen - (8 GB/512 GB SSD/Windows 11 Home/4 GB Graphics/NVIDIA GeForce GTX 165...,"49,990",4.3
HP Athlon Dual Core 3050U - (8 GB/512 GB SSD/Windows 11 Home) 15s- eq1559AU Thin and Light Laptop,"29,690",4.2
"DELL Inspiron Core i3 11th Gen - (8 GB/1 TB HDD/256 GB SSD/Windows 11 Home) Inspiron 3511,Inspiron 300...","42,500",4.3
HP 247 G8 Ryzen 3 Quad Core - (8 GB/512 GB SSD/DOS) 6B5R3PA#ACJ Notebook,"26,490",3.5
Infinix X1 Slim Series Core i3 10th Gen - (8 GB/256 GB SSD/Windows 11 Home) XL21 Thin and Light Laptop,"29,990",4.2
HP Core i3 11th Gen - (8 GB/512 GB SSD/Windows 11 Home) 15s-fr2511TU Thin and Light Laptop,"44,799",4.3
HP Core i3 11th Gen - (8 GB/512 GB SSD/Windows 11 Home) 15s-fq2671TU Thin and Light Laptop,"40,990",4.2
ASUS VivoBook 15 (2022) Core i5 10th Gen - (8 GB/512 GB SSD/Windows 11 Home) X515JA-EJ562WS | X515JA-E...,"42,990",4.3
HP Core i5 12th Gen - (16 GB/512 GB SSD/Windows 11 Home) 14s - dy5005TU Thin and Light Laptop,"61,999",4.1
HP Core i5 12th Gen - (8 GB/512 GB SSD/Windows 11 Home) 15s-fq5111TU Thin and Light Laptop,"57,890",4.2
Infinix INBook X1 Neo Series Celeron Quad Core - (8 GB/256 GB SSD/Windows 11 Home) XL22 Thin and Light...,"24,999",4.4
HP Athlon Dual Core 3050U - (8 GB/256 GB SSD/Windows 11 Home) 14s-fq0568AU Thin and Light Laptop,"26,999",5
Lenovo IdeaPad 3 Core i3 11th Gen - (8 GB/512 GB SSD/Windows 11 Home) 82H801L7IN | 82H802FJIN | 82H802...,"38,799",5
Lenovo IdeaPad 3 Core i3 11th Gen - (8 GB/256 GB SSD/Windows 11 Home) 14ITL05 Thin and Light Laptop,"37,228",4.3
ASUS VivoBook 14 (2022) Core i5 11th Gen - (8 GB/1 TB HDD/256 GB SSD/Windows 11 Home) X415EA-EB572WS T...,"49,990",5
ASUS VivoBook 14 (2022) Ryzen 7 Quad Core AMD R7-3700U - (16 GB/512 GB SSD/Windows 11 Home) M415DA-EB5...,"47,990",3
Lenovo ThinkPad E15 Core i5 11th Gen - (8 GB/512 GB SSD/Windows 10 Home) E15 Thin and Light Laptop,"67,990",4.2
Lenovo IdeaPad Gaming Core i5 11th Gen - (8 GB/512 GB SSD/Windows 11 Home/4 GB Graphics/NVIDIA GeForce...,"59,000",5
Lenovo IdeaPad 3 Ryzen 5 Hexa Core 5500U - (8 GB/512 GB SSD/Windows 11 Home) 15ALC6 Thin and Light Lap...,"46,019",5
HP Envy x360 Ryzen 5 Hexa Core 5600U - (16 GB/512 GB SSD/Windows 11 Home) 13 x360-ay1035au 2 in 1 Lapt...,"83,314",4.3
ASUS Core i5 11th Gen - (16 GB/1 TB HDD/256 GB SSD/Windows 11 Home) X712EA-AU511WS Laptop,"53,990",5
ASUS ROG Strix G15 Ryzen 7 Octa Core AMD R7-4800H - (16 GB/1 TB SSD/Windows 11 Home/4 GB Graphics/NVID...,"85,990",2
Lenovo IdeaPad Gaming 3 Core i5 11th Gen - (8 GB/512 GB SSD/Windows 11 Home/4 GB Graphics/NVIDIA GeFor...,"67,490",4.3
MSI Core i7 11th Gen - (8 GB/512 GB SSD/Windows 10 Home/4 GB Graphics/NVIDIA GeForce GTX 1650 MAX Q/14...,"59,990",5
Lenovo Core i3 11th Gen - (8 GB/512 GB SSD/Windows 11 Home) 81X800LAIN Laptop,"40,990",5
MSI Creator M16 Core i7 12th Gen - (16 GB/512 GB SSD/Windows 11 Home/4 GB Graphics) Creator M16 A12UD-...,"1,08,990",4.2
ASUS VivoBook 15 (2022) Core i3 11th Gen - (8 GB/1 TB HDD/256 GB SSD/Windows 11 Home) X515EA-EJ332WS T...,"39,990",3.9
ASUS Vivobook 15 Core i5 11th Gen - (8 GB/512 GB SSD/Windows 11 Home) X515EA-BQ522WS Thin and Light La...,"50,990",4.2
MSI Core i5 11th Gen - (8 GB/512 GB SSD/Windows 10 Home/4 GB Graphics/NVIDIA GeForce RTX 3050/144 Hz) ...,"55,990",4.3
APPLE MacBook Air M1 - (8 GB/512 GB SSD/Mac OS Big Sur) Z12A000D3,"1,04,990",4.2
ASUS Vivobook 15 Touch Core i3 11th Gen - (8 GB/512 GB SSD/Windows 11 Home) X515EA-EZ311WS Thin and Li...,"42,990",4.1
HP Ryzen 3 Dual Core 3250U - (8 GB/256 GB SSD/Windows 11 Home) 15s-ey1508AU Thin and Light Laptop,"29,999",4.7
ASUS VivoBook Ultra 14 (2022) Core i5 11th Gen - (16 GB/512 GB SSD/Windows 11 Home) X413EA-EB532WS Thi...,"54,990",4.3
ASUS TUF Gaming F15 Core i5 10th Gen - (8 GB/512 GB SSD/Windows 11 Home/4 GB Graphics/NVIDIA GeForce G...,"58,990",4.3
HP Envy x360 Ryzen 5 Hexa Core 5600U - (16 GB/512 GB SSD/Windows 11 Home) 13 x360-ay1035au 2 in 1 Lapt...,"83,314",4.7
ASUS VivoBook 16X Ryzen 7 Octa Core 5800H - (16 GB/512 GB SSD/Windows 11 Home) M1603QA-MB711WS Thin an...,"69,990",4.4
Lenovo IdeaPad 3 Core i3 11th Gen - (8 GB/256 GB SSD/Windows 11 Home) 14ITL05 Thin and Light Laptop,"37,228",4.6
Lenovo IdeaPad 3 Core i3 11th Gen - (8 GB/512 GB SSD/Windows 11 Home) 82H801L7IN | 82H802FJIN | 82H802...,"38,799",4.4
ASUS VivoBook Ultra 14 (2022) Core i5 11th Gen - (16 GB/512 GB SSD/Windows 11 Home) X413EA-EB532WS Thi...,"54,990",4.5
MSI Core i7 11th Gen - (8 GB/512 GB SSD/Windows 10 Home/4 GB Graphics/NVIDIA GeForce RTX 3050/144 Hz) ...,"68,990",4
ASUS TUF Gaming F15 Core i5 10th Gen - (8 GB/512 GB SSD/Windows 11 Home/4 GB Graphics/NVIDIA GeForce G...,"58,990",4.3
DELL Ryzen 5 Hexa Core AMD R5-5600H - (16 GB/512 GB SSD/Windows 11 Home/4 GB Graphics/NVIDIA GeForce R...,"70,990",4.1
Lenovo ThinkPad E15 Core i5 11th Gen - (8 GB/512 GB SSD/Windows 10 Home) E15 Thin and Light Laptop,"67,990",4.5
Lenovo IdeaPad Gaming Core i5 11th Gen - (8 GB/512 GB SSD/Windows 11 Home/4 GB Graphics/NVIDIA GeForce...,"55,290",4.7
HP Ryzen 3 Quad Core 5300U - (8 GB/512 GB SSD/Windows 11 Home) 15s-eq2143au Thin and Light Laptop,"37,600",4.3
DELL Vostro Ryzen 3 Dual Core R3-3250U - (8 GB/1 TB HDD/Windows 11 Home) Vostro 3405 Thin and Light La...,"32,990",4.1
Lenovo IdeaPad Gaming 3 Core i5 11th Gen - (8 GB/512 GB SSD/Windows 11 Home/4 GB Graphics/NVIDIA GeFor...,"67,490",4.4
ASUS Vivobook 15 Core i5 12th Gen - (16 GB/512 GB SSD/Windows 11 Home) X1502ZA-EZ511WS Thin and Light ...,"67,490",4.4
HP Laptop with Backlit Keyboard Core i3 11th Gen - (8 GB/512 GB SSD/Windows 11 Home) 15s-fr2512tu Lapt...,"44,990",4.4
ASUS VivoBook 15 (2022) Core i5 11th Gen - (8 GB/1 TB HDD/256 GB SSD/Windows 11 Home) X515EA-EJ502WS T...,"48,990",5
HP Core i3 11th Gen - (8 GB/256 GB SSD/Windows 11 Home) 14s - dy2507TU Thin and Light Laptop,"40,999",5
ASUS Vivobook Pro 15 Ryzen 7 Octa Core AMD R7-4800H - (16 GB/512 GB SSD/Windows 11 Home/4 GB Graphics/...,"62,990",3.9
APPLE 2021 Macbook Pro M1 Max - (32 GB/1 TB SSD/Mac OS Monterey) MK1A3HN/A,"3,06,990",4
APPLE MacBook Air M1 - (8 GB/512 GB SSD/Mac OS Big Sur) Z12A000D3,"1,04,990",5
ASUS Vivobook Ultra 14 (2022) Core i3 11th Gen - (8 GB/512 GB SSD/Windows 11 Home) K413EA-EB301WS Thin...,"39,990",4.5
acer Extensa Core i3 11th Gen - (8 GB/512 GB SSD/Windows 11 Home) EX 215-54/ EX 215-54-356V Thin and L...,"34,990",4
Lenovo Celeron Dual Core - (8 GB/256 GB SSD/Windows 11 Home) 15IGL05 Thin and Light Laptop,"30,490",4
Infinix X1 Slim Series Core i3 10th Gen - (8 GB/256 GB SSD/Windows 11 Home) XL21 Thin and Light Laptop,"29,990",4.5
ASUS TUF Gaming F17 (2022) Core i7 12th Gen - (16 GB/1 TB SSD/Windows 11 Home/6 GB Graphics/NVIDIA GeF...,"1,09,990",5
ASUS Vivobook Pro 15 Ryzen 7 Octa Core AMD R7-4800H - (16 GB/512 GB SSD/Windows 11 Home/4 GB Graphics/...,"62,990",1
Lenovo IdeaPad 3 Core i5 11th Gen - (8 GB/512 GB SSD/Windows 11 Home) 15ITL6 Thin and Light Laptop,"53,490",4.4
ASUS VivoBook 14 (2021) Celeron Dual Core - (4 GB/256 GB SSD/Windows 11 Home) X415MA-BV011W Thin and L...,"25,990",4
Lenovo IdeaPad 3 Core i3 11th Gen - (8 GB/512 GB SSD/Windows 11 Home) 82H801L7IN | 82H802FJIN | 82H802...,"38,799",1
Lenovo IdeaPad 3 Core i3 11th Gen - (8 GB/256 GB SSD/Windows 11 Home) 14ITL05 Thin and Light Laptop,"37,228",4.7
ASUS Vivobook 15 Core i5 10th Gen - (8 GB/512 GB SSD/Windows 11 Home) X515JA-EJ552WS Thin and Light La...,"44,990",4.7
realme Book (Slim) Core i3 11th Gen - (8 GB/256 GB SSD/Windows 10 Home) RMNB1001 Thin and Light Laptop,"37,999",4.3
Lenovo ThinkPad E15 Core i5 11th Gen - (8 GB/512 GB SSD/Windows 10 Home) E15 Thin and Light Laptop,"67,990",4.2
Lenovo IdeaPad Gaming Core i5 11th Gen - (8 GB/512 GB SSD/Windows 11 Home/4 GB Graphics/NVIDIA GeForce...,"59,000",4.4
HP Ryzen 5 Hexa Core 5500U - (8 GB/512 GB SSD/Windows 11 Home) 14s-fq1092au Thin and Light Laptop,"49,215",4.4
Infinix INBook X2 Plus Core i3 11th Gen - (8 GB/512 GB SSD/Windows 11 Home) XL25 Thin and Light Laptop,"35,990",4.4
ASUS VivoBook K15 OLED (2022) Core i3 11th Gen - (8 GB/256 GB SSD/Windows 11 Home) K513EA-L302WS Thin ...,"42,890",4.6
DELL Vostro Core i5 11th Gen - (8 GB/512 GB SSD/Windows 10/2 GB Graphics) Vostro 3400 Thin and Light L...,"54,990",4.7
Lenovo IdeaPad Gaming 3 Core i5 11th Gen - (8 GB/512 GB SSD/Windows 11 Home/4 GB Graphics/NVIDIA GeFor...,"67,490",4.3
ASUS TUF Gaming F15 (2022) Core i7 12th Gen - (16 GB/1 TB SSD/Windows 11 Home/6 GB Graphics/NVIDIA GeF...,"1,18,990",4.2
HP Ryzen 3 Quad Core 5300U - (8 GB/512 GB SSD/Windows 11 Home) 15s-eq2143au Thin and Light Laptop,"37,600",3.8
Lenovo IdeaPad 3 Core i5 12th Gen - (8 GB/512 GB SSD/Windows 11 Home) 15IAU7 Thin and Light Laptop,"57,490",4.4
Lenovo IdeaPad 3 Core i5 12th Gen - (16 GB/512 GB SSD/Windows 11 Home/Intel Integrated Iris Xe) 15IAU7...,"62,490",4.2
ASUS VivoBook Flip 14 Core i3 11th Gen - (8 GB/256 GB SSD/Windows 11 Home) TP470EA-EC301WS 2 in 1 Lapt...,"46,990",4.3
ASUS Core i5 12th Gen - (16 GB/512 GB SSD/Windows 11 Home/4 GB Graphics/NVIDIA GeForce RTX TUF Dash F1...,"85,863",4.2
ASUS Vivobook S14 OLED (2022) Intel EVO Core i5 12th Gen - (16 GB/512 GB SSD/Windows 11 Home) S3402ZA-...,"74,990",4.5
acer Swift 3 Core i5 12th Gen - (8 GB/512 GB SSD/Windows 11 Home) SF314-512 Thin and Light Laptop,"62,990",4.5
acer Extensa 15 Core i3 11th Gen - (4 GB/256 GB SSD/Windows 11 Home) EX215-54/ EX215-54-39DE Thin and ...,"29,990",4.7
Lenovo IdeaPad 3 Core i3 11th Gen - (8 GB/512 GB SSD/Windows 11 Home) 82H801L7IN | 82H802FJIN | 82H802...,"38,799",4.3
Lenovo IdeaPad 3 Core i3 11th Gen - (8 GB/256 GB SSD/Windows 11 Home) 14ITL05 Thin and Light Laptop,"37,228",4.1
HP Ryzen 3 Dual Core 3250U - (8 GB/512 GB SSD/Windows 11 Home) 15s- eq1560AU Thin and Light Laptop,"34,490",3.9
Lenovo IdeaPad Gaming 3 Core i5 11th Gen - (8 GB/512 GB SSD/Windows 11 Home/4 GB Graphics/NVIDIA GeFor...,"67,490",4.2
Lenovo ThinkPad E15 Core i5 11th Gen - (8 GB/512 GB SSD/Windows 10 Home) E15 Thin and Light Laptop,"67,990",4.4
Lenovo IdeaPad Gaming Core i5 11th Gen - (8 GB/512 GB SSD/Windows 11 Home/4 GB Graphics/NVIDIA GeForce...,"55,290",5
ASUS Vivobook Pro 15 Ryzen 7 Octa Core AMD R7-4800H - (16 GB/512 GB SSD/Windows 11 Home/4 GB Graphics/...,"62,990",5
Lenovo Ideapad Slim 3 Core i3 10th Gen - (8 GB/512 GB SSD/Windows 11 Home) 81WE01QLIN | 81WE01QJIN Lap...,"37,490",3.8
MSI GP66 Leopard Core i7 11th Gen - (16 GB/1 TB SSD/Windows 10 Home/8 GB Graphics/NVIDIA GeForce RTX 3...,"1,24,990",5
ASUS VivoBook Flip 14 Core i3 11th Gen - (8 GB/256 GB SSD/Windows 11 Home) TP470EA-EC301WS 2 in 1 Lapt...,"46,990",1
ASUS Vivobook S14 OLED (2022) Intel EVO Core i5 12th Gen - (16 GB/512 GB SSD/Windows 11 Home) S3402ZA-...,"74,990",4.2
HP G8 Ryzen 5 Hexa Core 5500U 5th Gen - (8 GB/512 GB SSD/Windows 11 Home) 62Y30PA Laptop,"45,500",5
ASUS Vivobook 16X Ryzen 5 Hexa Core R5-5600H - (16 GB/512 GB SSD/Windows 11 Home) M1603QA-MB511WS Lapt...,"59,990",5
Infinix INBook X1 Neo Series Celeron Quad Core - (8 GB/256 GB SSD/Windows 11 Home) XL22 Thin and Light...,"24,999",4.4
ASUS TUF Gaming F15 (2022) Core i7 12th Gen - (16 GB/1 TB SSD/Windows 11 Home/6 GB Graphics/NVIDIA GeF...,"1,18,990",4
ASUS TUF Gaming A15 Ryzen 5 Hexa Core AMD R5-4600H - (8 GB/1 TB SSD/Windows 11 Home/4 GB Graphics/NVID...,"65,990",1
acer Swift 3 Core i5 12th Gen - (8 GB/512 GB SSD/Windows 11 Home) SF314-512 Thin and Light Laptop,"62,990",4.7
HP Pavilion x360 Core i3 11th Gen - (8 GB/256 GB SSD/Windows 11 Home) 14-dy0212TU 2 in 1 Laptop,"48,990",5
ASUS VivoBook 15 (2022) Core i3 10th Gen - (8 GB/512 GB SSD/Windows 11 Home) X515JA-BQ322WS Thin and L...,"35,990",5
ASUS VivoBook Ultra K15 OLED Core i3 11th Gen - (8 GB/1 TB HDD/256 GB SSD/Windows 11 Home) K513EA-L322...,"45,990",4.3
APPLE 2020 Macbook Air M1 - (8 GB/256 GB SSD/Mac OS Big Sur) MGN93HN/A,"87,990",4.5
ASUS Vivobook Ultra 14 (2022) Core i3 11th Gen - (8 GB/512 GB SSD/Windows 11 Home) K413EA-EB302WS Thin...,"39,990",4.2
HP Ryzen 5 Hexa Core 5500U - (8 GB/512 GB SSD/Windows 11 Home) 14s-fq1092au Thin and Light Laptop,"49,215",4.1
HP Pavilion Core i5 11th Gen - (16 GB/512 GB SSD/Windows 11 Home/2 GB Graphics) 15-eg1000TX Thin and L...,"64,990",4.2
Lenovo IdeaPad 3 Core i3 11th Gen - (8 GB/512 GB SSD/Windows 11 Home) 82H801L7IN | 82H802FJIN | 82H802...,"38,799",4.3
Lenovo IdeaPad 3 Core i3 11th Gen - (8 GB/256 GB SSD/Windows 11 Home) 14ITL05 Thin and Light Laptop,"37,228",4.2
DELL Core i5 11th Gen - (16 GB/512 GB SSD/Windows 11 Home/4 GB Graphics/NVIDIA GeForce RTX 3050) G15-5...,"72,490",4.4
DELL Inspiron Core i3 11th Gen - (8 GB/256 GB SSD/Windows 11 Home) INSPIRON 5410 2 in 1 Laptop,"52,990",4.7
DELL Inspiron Core i3 11th Gen - (8 GB/512 GB SSD/Windows 11 Home) INSPIRON 3511 Thin and Light Laptop,"46,890",4.3
Lenovo Ideapad Slim 3 Core i3 10th Gen - (8 GB/512 GB SSD/Windows 11 Home) 81WE01QLIN | 81WE01QJIN Lap...,"37,490",4.2
Lenovo ThinkPad E15 Core i5 11th Gen - (8 GB/512 GB SSD/Windows 10 Home) E15 Thin and Light Laptop,"67,990",3.8
Lenovo IdeaPad Gaming Core i5 11th Gen - (8 GB/512 GB SSD/Windows 11 Home/4 GB Graphics/NVIDIA GeForce...,"59,000",4.4
MSI GP66 Leopard Core i7 11th Gen - (16 GB/1 TB SSD/Windows 10 Home/8 GB Graphics/NVIDIA GeForce RTX 3...,"1,24,990",3.8
ASUS ROG Strix G15 (2022) Ryzen 7 Octa Core AMD R7-6800H - (16 GB/1 TB SSD/Windows 11 Home/4 GB Graphi...,"1,05,990",4.4
Lenovo IdeaPad Gaming 3 Core i5 11th Gen - (8 GB/512 GB SSD/Windows 11 Home/4 GB Graphics/NVIDIA GeFor...,"67,490",4.7
Lenovo Core i3 10th Gen - (8 GB/512 GB SSD/Windows 11 Home) 15IML05 Thin and Light Laptop,"37,600",4.2
SAMSUNG Galaxy Book Go Snapdragon 7c Gen 2 - (4 GB/128 GB EMMC Storage/Windows 11 Home) NP340XLA-KA1IN...,"32,990",4.2
APPLE 2021 Macbook Pro M1 Pro - (16 GB/1 TB SSD/Mac OS Monterey) MK193HN/A,"2,41,990",4.1
RedmiBook Pro Core i5 11th Gen - (8 GB/512 GB SSD/Windows 11 Home) Thin and Light Laptop,"43,490",4.6
HP Pavilion Ryzen 5 Hexa Core 5625U - (16 GB/512 GB SSD/Windows 11 Home) 14-EC1019AU Thin and Light La...,"63,999",4.5
ASUS Vivobook Pro 15 Ryzen 7 Octa Core AMD R7-4800H - (16 GB/512 GB SSD/Windows 11 Home/4 GB Graphics/...,"62,990",4.5
ASUS Vivobook 15 Core i3 11th Gen - (8 GB/512 GB SSD/Windows 11 Home) X1500EA Laptop,"38,990",4.2
MSI Modern 14 Ryzen 5 Hexa Core 5500U - (8 GB/512 GB SSD/Windows 11 Home) Modern 14 B5M-242IN Thin and...,"45,990",4.4
ASUS TUF Gaming F15 Core i5 10th Gen - (8 GB/1 TB SSD/Windows 11 Home/4 GB Graphics/NVIDIA GeForce GTX...,"65,990",5
MSI Core i5 11th Gen - (8 GB/512 GB SSD/Windows 10 Home/4 GB Graphics/NVIDIA GeForce GTX 1650 MAX Q/14...,"54,990",5
ASUS Vivobook Ultra 14 (2022) Core i3 11th Gen - (8 GB/512 GB SSD/Windows 11 Home) K413EA-EB303WS Thin...,"39,990",4.1
ASUS TUF Gaming F17 (2022) Core i7 12th Gen - (16 GB/1 TB SSD/Windows 11 Home/4 GB Graphics/NVIDIA GeF...,"1,14,990",4
MSI Katana GF66 Core i7 11th Gen - (16 GB/512 GB SSD/Windows 10 Home/6 GB Graphics/NVIDIA GeForce RTX ...,"89,990",2
MSI Modern 14 Ryzen 5 Hexa Core 5500U - (8 GB/512 GB SSD/Windows 11 Home) Modern 14 B5M-242IN Thin and...,"45,990",4.2
ASUS EeeBook 14 with NumberPad Pentium Silver - (8 GB/256 GB SSD/Windows 11 Home) E410KA-BV103WS Thin ...,"29,990",5
Lenovo IdeaPad 3 Core i3 11th Gen - (8 GB/512 GB SSD/Windows 11 Home) 82H801L7IN | 82H802FJIN | 82H802...,"38,799",1
Lenovo IdeaPad 3 Core i3 11th Gen - (8 GB/256 GB SSD/Windows 11 Home) 14ITL05 Thin and Light Laptop,"37,228",4.7
ASUS Vivobook 14 (2022) Core i3 12th Gen - (8 GB/512 GB SSD/Windows 11 Home) X1402ZA-MW311WS Thin and ...,"49,990",5
DELL Inspiron Core i3 11th Gen - (8 GB/256 GB SSD/Windows 11 Home) INSPIRON 5410 2 in 1 Laptop,"52,990",5
Lenovo ThinkPad E15 Core i5 11th Gen - (8 GB/512 GB SSD/Windows 10 Home) E15 Thin and Light Laptop,"67,990",4.1
Lenovo IdeaPad Gaming Core i5 11th Gen - (8 GB/512 GB SSD/Windows 11 Home/4 GB Graphics/NVIDIA GeForce...,"55,290",4
ASUS ROG Strix G15 (2022) Ryzen 7 Octa Core AMD R7-6800H - (16 GB/1 TB SSD/Windows 11 Home/4 GB Graphi...,"1,05,990",3
ASUS Zenbook S 13 Ryzen 5 Hexa Core 6600U - (16 GB/512 GB SSD/Windows 11 Home) UM5302TA-LX501WS Thin a...,"99,990",4.2
APPLE MacBook Air M1 - (8 GB/512 GB SSD/Mac OS Big Sur) Z12400092,"1,04,990",4.3
DELL Core i3 11th Gen - (8 GB/512 GB SSD/Windows 11 Home) Inspiron 5410 2 in 1 Laptop,"59,990",4.3
Lenovo IdeaPad Gaming 3 Core i5 11th Gen - (8 GB/512 GB SSD/Windows 11 Home/4 GB Graphics/NVIDIA GeFor...,"67,490",4.4
ASUS Chromebook Flip Touch Core i3 11th Gen - (8 GB/128 GB SSD/Chrome OS) CX3400FMA-EC0171 Chromebook,"49,990",4.7
ASUS ROG Strix G15 (2022) Ryzen 7 Octa Core AMD R7-6800H - (16 GB/512 GB SSD/Windows 11 Home/4 GB Grap...,"99,990",4.3
ASUS VivoBook K15 OLED (2022) Ryzen 5 Hexa Core AMD R5-5500U - (8 GB/1 TB HDD/256 GB SSD/Windows 11 Ho...,"57,990",4.5
HP Pavilion Core i5 12th Gen - (8 GB/512 GB SSD/Windows 11 Home) 14-dv2053TU Thin and Light Laptop,"63,499",4.4
ASUS TUF Dash F15 (2022) Core i5 12th Gen - (8 GB/512 GB SSD/Windows 11 Home/4 GB Graphics/NVIDIA GeFo...,"81,990",4.5
APPLE MacBook Air M1 - (16 GB/512 GB SSD/Mac OS Big Sur) Z124J002KD,"1,24,990",4.6
SAMSUNG Galaxy Book2 Core i5 12th Gen - (16 GB/512 GB SSD/Windows 11 Home) NP750XED-KC3IN Thin and Lig...,"65,990",4.5
acer Nitro 5 Ryzen 5 Hexa Core AMD R5-5600H - (8 GB/512 GB SSD/Windows 11 Home/4 GB Graphics/NVIDIA Ge...,"54,990",5
MSI Core i9 12th Gen - (32 GB/2 TB SSD/Windows 11 Home/16 GB Graphics/NVIDIA GeForce RTX 3080 Ti/120 H...,"3,92,990",4.7
ASUS ROG Zephyrus G15 (2022) with 90Whr Battery Ryzen 9 Octa Core 6900HS - (16 GB/1 TB SSD/Windows 11 ...,"1,61,990",4.2
Lenovo IdeaPad 1 Ryzen 5 Quad Core 3500U - (8 GB/512 GB SSD/Windows 11 Home) 15ADA7 Thin and Light Lap...,"42,332",4.7
ASUS ROG Strix G15 Ryzen 7 Octa Core AMD R7-4800H - (8 GB/512 GB SSD/Windows 11 Home/4 GB Graphics/NVI...,"79,990",4.5
ASUS Vivobook 15 Ryzen 3 Dual Core AMD R3-3250U - (8 GB/512 GB SSD/Windows 11 Home) M515DA-BQ331WS Thi...,"34,990",4.5
Lenovo IdeaPad 3 Core i3 11th Gen - (8 GB/512 GB SSD/Windows 11 Home) 82H801L7IN | 82H802FJIN | 82H802...,"38,799",4.2
Lenovo IdeaPad 3 Core i3 11th Gen - (8 GB/256 GB SSD/Windows 11 Home) 14ITL05 Thin and Light Laptop,"37,228",4.3
ASUS Vivobook 15 OLED (2022) Core i3 12th Gen - (8 GB/512 GB SSD/Windows 11 Home) X1505ZA-L1311WS Thin...,"54,990",4.3
MSI Alpha 15 AMD Advantage Edition Ryzen 7 Octa Core 5800H - (8 GB/512 GB SSD/Windows 11 Home/8 GB Gra...,"79,990",4.7
SAMSUNG Galaxy Book2 Core i5 12th Gen - (8 GB/256 GB SSD/Windows 11 Home) NP750XED-KB1IN Thin and Ligh...,"57,990",4.3
acer Ryzen 3 Dual Core 3250U - (8 GB/256 GB SSD/Windows 11 Home) Z2-493 Thin and Light Laptop,"28,990",4.2
Lenovo ThinkPad E15 Core i5 11th Gen - (8 GB/512 GB SSD/Windows 10 Home) E15 Thin and Light Laptop,"67,990",4
Lenovo IdeaPad Gaming Core i5 11th Gen - (8 GB/512 GB SSD/Windows 11 Home/4 GB Graphics/NVIDIA GeForce...,"59,000",4.4
HP Pavilion Ryzen 5 Hexa Core 5500U - (8 GB/512 GB SSD/Windows 10 Home) 15-eh1101AU Thin and Light Lap...,"54,999",5
HP Pavilion Core i5 12th Gen - (8 GB/512 GB SSD/Windows 11 Home) 14-dv2053TU Thin and Light Laptop,"63,499",5
Lenovo IdeaPad Gaming 3 Core i5 11th Gen - (8 GB/512 GB SSD/Windows 11 Home/4 GB Graphics/NVIDIA GeFor...,"67,490",4.2
HP Ryzen 5 Hexa Core 5500U - (16 GB/512 GB SSD/Windows 11 Home) 15s- eq2182AU Thin and Light Laptop,"54,990",5
Lenovo IdeaPad Gaming 3 Ryzen 7 Octa Core AMD R7-5800H - (8 GB/512 GB SSD/Windows 11 Home/4 GB Graphic...,"74,990",4
ASUS ROG Zephyrus G15 (2022) with 90Whr Battery Ryzen 9 Octa Core 6900HS - (16 GB/1 TB SSD/Windows 11 ...,"2,09,990",4.3
Infinix INBook X2 Plus Core i7 11th Gen - (16 GB/512 GB SSD/Windows 11 Home) XL25 Thin and Light Lapto...,"52,990",5
Infinix X1 Slim Series Core i5 10th Gen - (16 GB/512 GB SSD/Windows 11 Home) XL21 Thin and Light Lapto...,"44,990",5
APPLE 2022 MacBook AIR M2 - (8 GB/256 GB SSD/Mac OS Monterey) MLY33HN/A,"1,12,990",4.3
DELL Inspiron Core i5 11th Gen - (8 GB/512 GB SSD/Windows 11 Home) Inspiron 5410 2 in 1 Laptop,"72,547",5
ASUS ROG Strix G15 (2022) with 90Whr Battery Ryzen 9 Octa Core 6900HX - (16 GB/1 TB SSD/Windows 11 Hom...,"1,87,990",5
ASUS Core i3 12th Gen - (8 GB/512 GB SSD/Windows 11 Home) X1502ZA-EJ312WS Laptop,"47,990",4.4
realme Book Prime Core i5 11th Gen - (16 GB/512 GB SSD/Windows 11 Home) CloudPro002 Thin and Light Lap...,"64,999",3
HP Pavilion Ryzen 7 Octa Core 5825U - (16 GB/512 GB SSD/Windows 11 Home) 14-EC1008AU Thin and Light La...,"70,999",3
ASUS ROG Flow X16 (2022) with 90Whr Battery Ryzen 7 Octa Core 6800HS - (16 GB/1 TB SSD/Windows 11 Home...,"1,64,990",4.2
APPLE 2022 MacBook Pro M2 - (8 GB/512 GB SSD/Mac OS Monterey) MNEQ3HN/A,"1,39,990",4.3
APPLE 2022 MacBook AIR M2 - (8 GB/512 GB SSD/Mac OS Monterey) MLY23HN/A,"1,39,990",4.1
ASUS ROG Strix G15 (2022) with 90Whr Battery Ryzen 9 Octa Core 6900HX - (16 GB/1 TB SSD/Windows 11 Hom...,"1,99,990",4.3
Lenovo IdeaPad 3 Core i3 11th Gen - (8 GB/512 GB SSD/Windows 11 Home) 82H801L7IN | 82H802FJIN | 82H802...,"38,799",4.2
Lenovo IdeaPad 3 Core i3 11th Gen - (8 GB/256 GB SSD/Windows 11 Home) 14ITL05 Thin and Light Laptop,"37,228",4.4
DELL Core i3 10th Gen - (8 GB/1 TB HDD/256 GB SSD/Windows 11 Home) Vostro 3510 Thin and Light Laptop,"42,897",4.7
MSI Vector GP66 Core i7 12th Gen - (16 GB/1 TB SSD/Windows 11 Home/8 GB Graphics/NVIDIA GeForce RTX 30...,"2,00,000",4.3
Lenovo ThinkPad E15 Core i5 11th Gen - (8 GB/512 GB SSD/Windows 10 Home) E15 Thin and Light Laptop,"67,990",4.5
Lenovo IdeaPad Gaming Core i5 11th Gen - (8 GB/512 GB SSD/Windows 11 Home/4 GB Graphics/NVIDIA GeForce...,"59,000",4.6
SAMSUNG Galaxy Book2 Core i5 12th Gen - (16 GB/512 GB SSD/Windows 11 Home) NP750XED-KC3IN Thin and Lig...,"65,990",4.4
acer Aspire 3 Core i3 11th Gen - (4 GB/256 GB SSD/Windows 11 Home) A315-58 Thin and Light Laptop,"32,300",4.3
DELL Vostro Core i3 10th Gen - (8 GB/512 GB SSD/Windows 11 Home) Vostro 3401 Thin and Light Laptop,"43,325",4.3
ASUS Vivobook 15 OLED (2022) Core i5 12th Gen - (16 GB/512 GB SSD/Windows 11 Home) X1505ZA-L1511WS Thi...,"71,990",4.7
Lenovo IdeaPad Gaming 3 Core i5 11th Gen - (8 GB/512 GB SSD/Windows 11 Home/4 GB Graphics/NVIDIA GeFor...,"67,490",4.1
DELL Vostro Core i3 10th Gen - (8 GB/512 GB SSD/Windows 11 Home) vostro 3510 icl Thin and Light Laptop,"42,898",4.5
DELL Inspiron Ryzen 3 Dual Core 3250U - (8 GB/1 TB HDD/Windows 10) Inspiron 3505 Notebook,"38,972",4.5
ASUS ROG Strix G15 (2022) with 90Whr Battery Ryzen 9 Octa Core 6900HX - (16 GB/1 TB SSD/Windows 11 Hom...,"1,96,990",4.4
ASUS Core i3 10th Gen - (8 GB/1 TB HDD/Windows 11 Home) X415JA-BV302W Thin and Light Laptop,"35,000",4.5
acer Extensa Core i5 11th Gen - (8 GB/512 GB SSD/Windows 11 Home) EX 215-54-583M Thin and Light Laptop,"44,990",4.4
Infinix X1 Slim Series Core i3 10th Gen - (8 GB/256 GB SSD/Windows 11 Home) XL21 Thin and Light Laptop,"29,990",4.3
ASUS ZenBook Duo 14 (2021) Touch Panel Core i5 11th Gen - (16 GB/512 GB SSD/Windows 11 Home/2 GB Graph...,"89,990",4
HP 245 G8 Ryzen 3 Quad Core - (8 GB/1 TB HDD/Windows 10 Pro) 245 G8 Notebook,"36,390",4.4
ASUS Vivobook 16X Ryzen 7 Octa Core AMD Ryzen 7 5800H - (16 GB/512 GB SSD/Windows 11 Home) M1603QA-MB7...,"69,990",4.4
Lenovo IdeaPad 3 Core i3 11th Gen - (8 GB/512 GB SSD/Windows 11 Home) 82H801L7IN | 82H802FJIN | 82H802...,"38,799",5
Lenovo IdeaPad 3 Core i3 11th Gen - (8 GB/256 GB SSD/Windows 11 Home) 14ITL05 Thin and Light Laptop,"37,228",5
ASUS ROG Strix G15 Advantage Edition with 90Whr Battery Ryzen 9 Octa Core 5980HX - (16 GB/1 TB SSD/Win...,"1,50,990",4.4
MSI Sword 15 Core i5 12th Gen - (16 GB/512 GB SSD/Windows 11 Home/4 GB Graphics/NVIDIA GeForce RTX 305...,"85,990",3
Lenovo ThinkPad E15 Core i5 11th Gen - (8 GB/512 GB SSD/Windows 10 Home) E15 Thin and Light Laptop,"67,990",3
Lenovo IdeaPad Gaming Core i5 11th Gen - (8 GB/512 GB SSD/Windows 11 Home/4 GB Graphics/NVIDIA GeForce...,"55,290",4.2
ASUS Vivobook 16X Ryzen 7 Octa Core AMD Ryzen 7 5800H - (16 GB/512 GB SSD/Windows 11 Home) M1603QA-MB7...,"69,990",5
APPLE MacBook Air M1 - (16 GB/256 GB SSD/Mac OS Big Sur) Z124J001KD,"1,04,990",5
ASUS ZenBook Duo 14 (2021) Touch Panel Core i5 11th Gen - (16 GB/512 GB SSD/Windows 11 Home/2 GB Graph...,"89,990",4.7
APPLE 2020 Macbook Air M1 - (8 GB/512 GB SSD/Mac OS Big Sur) MGNE3HN/A,"1,04,990",5
Lenovo IdeaPad Gaming 3 Core i5 11th Gen - (8 GB/512 GB SSD/Windows 11 Home/4 GB Graphics/NVIDIA GeFor...,"67,490",5
DELL Core i3 10th Gen - (8 GB/1 TB HDD/256 GB SSD/Windows 11 Home) Vostro 3510 Thin and Light Laptop,"42,897",4.3
acer Aspire 7 Core i5 12th Gen - (16 GB/512 GB SSD/Windows 11 Home/4 GB Graphics/NVIDIA GeForce GTX 16...,"61,990",5
HP Pavilion Ryzen 5 Hexa Core 5500U - (8 GB/512 GB SSD/Windows 10 Home) 14-ec0035AU Thin and Light Lap...,"55,000",4
HP Ryzen 3 Dual Core 3rd Gen - (8 GB/1 TB HDD/Windows 11 Home) 255 G8 Laptop,"34,990",4.4
Lenovo Yoga 6 Ryzen 5 Hexa Core 5500U - (16 GB/512 GB SSD/Windows 10 Home) 13ALC6 Thin and Light Lapto...,"74,990",4
APPLE 2022 MacBook AIR M2 - (8 GB/512 GB SSD/Mac OS Monterey) MLXX3HN/A,"1,39,990",4.2
ASUS ROG Zephyrus G15 (2022) with 90Whr Battery Ryzen 7 Octa Core 6800HS - (16 GB/1 TB SSD/Windows 11 ...,"1,57,990",4.3
HP 245 G8 Ryzen 3 Quad Core - (8 GB/1 TB HDD/Windows 10 Pro) 245 G8 Notebook,"36,390",4.3
ASUS TUF Gaming F15 Core i5 10th Gen - (8 GB/512 GB SSD/Windows 11 Home/4 GB Graphics/NVIDIA GeForce G...,"62,990",4.7
DELL Core i5 12th Gen - (8 GB/512 GB SSD/Windows 11 Home) D552268WIN9S Laptop,"67,990",4.3
DELL Ryzen 3 Dual Core 3250U - (8 GB/512 GB SSD/Windows 11 Home) INSPIRON 3515 Thin and Light Laptop,"41,632",4.6
ASUS TUF Gaming F15 Core i5 10th Gen - (8 GB/1 TB SSD/Windows 11 Home/4 GB Graphics/NVIDIA GeForce GTX...,"65,990",4.7
DELL Vostro Core i3 10th Gen - (8 GB/512 GB SSD/Windows 11 Home) Vostro 3510 Thin and Light Laptop,"41,846",4.2
